title,link,description,pubDate
"최상목, 2+2 통상 협의 참가 위해 방미…&quot;한미동맹 더 튼튼하게&quot;",http://mbnmoney.mbn.co.kr/news/view?news_no=MM1005533997,"한미 양국은 기존 재무장관회의에 통상 책임자까지 참가하는 '2+2 방식'의 회의를 진행하고, 트럼프 행정부의 <b>상호관세</b> 부과에 대해 논의할 예정입니다. 최 부총리는 현지시간 22일 오전 워싱턴DC 인근 덜레스... ",2025-04-23 12:42:00+09:00
미·중 무역 갈등 커지면 한국 경제도 직격탄,https://m.skyedaily.com/news_view.html?ID=270765,씨티 보고서는 △미국이 한국에 <b>상호 관세</b> 10%를 부과하고 미·중 간 100%가 넘는 <b>상호 관세</b>를 유지하는 경우 △미국이 한국에 <b>상호 관세</b> 25%를 부과하고 미·중 간 100%가 넘는 <b>상호 관세</b>를 유지하는 경우 △미국이 한국에 10... ,2025-04-23 12:42:00+09:00
그들이 기침만 하면… 삼전과 SK하닉 지배하는 '엔비디아 함수',https://www.thescoop.co.kr/news/articleView.html?idxno=305599,"도널드 트럼프 대통령이 <b>상호관세</b> 부과 소식을 발표한 다음날인 3일 엔비디아의 주가는 전 거래일 대비 7.81% 하락했습니다. 엔비디아의 주가 하락세는 4일(-7.36%)까지 이어졌죠. 그 결과, 엔비디아의 주가는 2일 110.... ",2025-04-23 12:41:00+09:00
"경기도, 반도체산업 위기 극복을 위한 소통의 장 마련",https://www.pointdaily.co.kr/news/articleView.html?idxno=243999,시군 및 소속 공공기관 등 반도체 분야 재직자들이 기관별로 정책이나 주요 현안 등을 공유하며 <b>상호</b>... 홍성호 경기도 반도체산업과장은 &quot;트럼프발 품목별 <b>관세</b> 부과 예고에 따른 반도체 분야 불확실성이 지속될 것으로... ,2025-04-23 12:36:00+09:00
"&quot;일본-필리핀, 이달 정상회담서 지소미아 조기 체결 조율&quot;(종합)",https://www.yna.co.kr/view/AKR20250423044651073?input=1195m,일본과 필리핀은 이번 정상회담에서 해상보안 기관의 합동 훈련 실시에도 합의하고 <b>상호</b> 군수지원 협정... 양국 정상은 미국의 <b>관세</b> 조치를 둘러싼 의견도 교환하고 반도체 인재 육성 추진에도 합의할 계획이라고... ,2025-04-23 12:34:00+09:00
"이차전지에 봄 오는 소리...전기차, 셀, 양극재 바닥 탈출 '신호' 나와 ...",http://www.hansbiz.co.kr/news/articleView.html?idxno=745572,이후 34%의 <b>상호관세</b>가 발효됐다가 중국이 보복관세를 부과하자 84%로 올리고 이후 다시 125%로 올렸다. 관세는 중첩되기 때문에 중국에 적용되는 관세율은 기존 20% 관세에 125%가 더해지면서 145%로 훌쩍 뛰었다.... ,2025-04-23 12:32:00+09:00
금융위원장 만난 블랙스톤 회장 “韓 진출 긍정적 고려”,http://www.fnnews.com/news/202504231228179415,김 위원장과 슈워츠먼 회장은 우선 미국 <b>상호관세</b> 부과와 상대 국가들의 대응으로 인한 인플레이션과 경기위축 우려 등이 글로벌 금융시장에 큰 영향을 미치면서 불확실성이 지속될 수 있다는 데 공감했다. 그럼에도... ,2025-04-23 12:31:00+09:00
[초점] &quot;車·철강 라이벌도 내 편으로&quot;…정의선式 글로벌 위기 타개법은...,https://www.financialpost.co.kr/news/articleView.html?idxno=224955,도널드 트럼프 미국 대통령이 촉발한 <b>관세</b> 전쟁으로 대외 불확실성이 극에 달하면서 국내 대기업들이... 이후 양사는 전기차 배터리 관련 기술 교류와 선행과제 수행 등을 이어오며 <b>상호</b> 이해도를 높인 끝에 지난 2023년... ,2025-04-23 12:28:00+09:00
"ESG 공시 일정 미뤄…금융위, 로드맵 재검토",https://magazine.hankyung.com/business/article/202504230271b,김소영 금융위 부위원장은 이날 서울 여의도 금융투자협회에서 'ESG 금융추진단 제5차 회의'를 개최하고 &quot;최근 <b>상호관세</b> 등 경제 전반의 불확실성이 상존하고 주요국에서 공시 수준 조정 움직임이 있는 만큼 이를 고려해... ,2025-04-23 12:20:00+09:00
이병기 전 청와대 비서실장 등 방중…외교부·싱크탱크 면담,https://www.news1.kr/world/northeast-asia/5762272,"궈관은 &quot;이병기 전 실장을 단장으로 하는 한국 대표단 일행이 싱크탱크를 방문해 한중 관계 발전, 트럼프의 <b>상호관세</b> 정책 하에서의 한중 무역 의제에 대해 교류했다&quot;고 설명했다. 차하얼학회는 &quot;양측은 양국이 지속해서... ",2025-04-23 12:19:00+09:00
&quot;미·중 <b>관세</b> 전쟁 격화 시 韓 성장률 악영향 미칠 수 있어&quot;,http://www.hansbiz.co.kr/news/articleView.html?idxno=745714,"씨티는 보고서에서 미국이 ▲한국에 10% <b>상호관세</b>, 미·중 간 100% 이상 <b>상호관세</b> 유지 ▲한국에 25% <b>상호관세</b>, 미·중 간 100% 이상 <b>상호관세</b> 유지 ▲한국에 10% <b>상호관세</b>, 중국에 60% <b>상호관세</b> 부과(보복관세 없음) 등 세... ",2025-04-23 12:18:00+09:00
IMF 총재 &quot;불확실성 계속되면 경기침체 위험 더 커져&quot; 경고,https://biz.sbs.co.kr/article_hub/20000230412?division=NAVER,"미국의 <b>상호관세</b> 조치로 통상 전쟁이 글로벌 수준으로 진행되는 것을 반영해 전망치를 크게 내린 것입니다. IMF는 또 무역 전쟁으로 인해 주식, 통화, 채권 시장의 변동성이 높아져 금융 안정성에 대한 위험이 증가하고... ",2025-04-23 12:15:00+09:00
&quot;이번 주 회담만 34개국‥중국과도 진전&quot;,https://imnews.imbc.com/replay/2025/nw1200/article/6709303_36769.html,◀ 리포트 ▶ 중국을 제외한 무역 상대국들에 90일 동안 <b>상호관세</b>를 유예한 미국이 국가별 무역 협상에 속도를 내고 있다고 밝혔습니다. 미국 백악관은 아직 협상이 완료된 국가가 나오지 않고 있다는 언론 지적에... ,2025-04-23 12:11:00+09:00
"김병환 금융위원장, 보스턴·뉴욕 방문…'K금융·바이오' 글로벌 지원",https://www.dailian.co.kr/news/view/1489224/?sc=Naver,"김 위원장과 슈워츠먼 회장은 미국 <b>상호관세</b> 부과와 상대국가들의 대응으로 인한 인플레이션과 경기위축 우려 등이 글로벌 금융시장에 큰 영향을 미치고 있으며, 앞으로도 불확실성이 지속될 수 있다는 점에 공감했다.... ",2025-04-23 12:11:00+09:00
IMF “한국 올해 1.0% 성장”…<b>관세</b> 충격 가장 커,https://news.kbs.co.kr/news/pc/view/view.do?ncd=8235496&ref=A,"미국이 <b>상호관세</b>를 부과하기 전, 부과한 이후, 중국에만 <b>상호관세</b>를 유지한 상황에 따라 성장률 전망을 따로 계산했습니다. 눈에 띄는 점은 미국이 <b>상호관세</b>를 유예한 긍정적 효과가 미·중 간의 극단적 갈등이 불러올... ",2025-04-23 12:06:00+09:00
美 바이오클러스터 찾은 김병환 &quot;첨단전략기금 활용해 투자 활성화&quot;,https://news.einfomax.co.kr/news/articleView.html?idxno=4352542,"김 위원장과 슈워츠먼 회장은 미국 <b>상호관세</b>와 이에 대한 대응으로 경기위축 우려가 대두, 글로벌 금융시장에 큰 영향을 미치고 있다는 데 공감대를 형성했다. 특히, 김 위원장은 국내 정치 불확실성 속에서도 한국... ",2025-04-23 12:06:00+09:00
[오후 뉴스브리핑] BTC 현물 ETF 1.3조원 순유입...트럼프 취임 이후 최...,https://www.tokenpost.kr/news/briefing/240560,"그는 &quot;트럼프 행정부의 지난 4월 2일 <b>상호관세</b> 발표는 글로벌 금융시장의 불안정성을 시험하는 계기였으며, 시장은 큰 충격을 입었다. 미국 증시는 물론 국채시장 변동성도 급격히 증가했다. 현재 일각에서는... ",2025-04-23 12:04:00+09:00
안덕근 산업장관 방미 “신중하게 준비…윈윈 협의할 것”,https://news.kbs.co.kr/news/pc/view/view.do?ncd=8235495&ref=A,"[안덕근/산업통상자원부 장관 : &quot;양국이 향후에 이 협력을 이어 나갈 수 있는 상호 '윈(Win)-윈(Win)'할 수 있는 협의의 토대를 구축하고자 합니다.&quot;] 정부는 협의를 통해 한국에 대한 기본 관세와 <b>상호 관세</b>, 품목별 관세를... ",2025-04-23 12:04:00+09:00
"김병환 금융위원장, ‘K-금융’ 수출 지원…보스턴·뉴욕 방문",http://www.joseilbo.com/news/news_read.php?uid=541733&class=18&grp=,김 위원장과 슈워츠먼 회장은 우선 미국 <b>상호관세</b> 부과와 상대국가들의 대응으로 인한 인플레이션과 경기위축 우려 등이 글로벌 금융시장에 큰 영향을 미치고 있으며 앞으로도 불확실성이 지속될 수 있다는 점에... ,2025-04-23 12:03:00+09:00
‘미국·중국’ 38% · ‘반도체·자동차·석유’ 48% 쏠린 수출… 변동...,https://www.munhwa.com/article/11500992?ref=naver,여기에 더해 한국의 주요 해외 생산기지로 급부상한 베트남까지 미국의 <b>상호관세</b> 타깃이 되면서 이런 우려는 더욱 가중되고 있다. 베트남까지 합칠 경우 한국 수출의 미·중·베트남 비중은 지난해 기준 46.7%까지... ,2025-04-23 12:03:00+09:00
"김소영 “지속가능성 공시기준, 국제적 흐름 고려 결정”",http://www.joseilbo.com/news/news_read.php?uid=541731&class=18&grp=,다만 최근 <b>상호관세</b> 등 경제 전반의 불확실성이 상존하고 주요국에서 공시수준 조정 움직임이 있는 만큼 관계기관과 함께 주요국 동향 변화를 면밀히 파악하는 한편 기업의 준비상황 등도 충분히 감안해 원활한... ,2025-04-23 12:02:00+09:00
"최상목, 워싱턴 도착…“미국 관심 경청하고 한국 입장 설명”",https://news.kbs.co.kr/news/pc/view/view.do?ncd=8235494&ref=A,<b>상호 관세</b>에 대한 국가별 맞춤 협의가 진행 중인 가운데 한국 역시 미국과 고위급 수준에서 본격적인 협상을 시작하는 겁니다. [최상목/경제부총리 : &quot;한미 동맹을 더욱 튼튼하게 하기 위한 논의를 시작하러 왔습니다. 논의... ,2025-04-23 12:02:00+09:00
김소영 부위원장 &quot;지속가능성 최초 공시 시행 시기 논의 필요&quot;,https://www.etoday.co.kr/news/view/2464608,김 부위원장은 &quot;많은 투자자가 기후 리스크 관리 차원에서 지속가능성 공시 정보를 요구하고 있어 국내 자본시장에서도 주요국과 마찬가지로 지속가능성 공시가 필요한 상황&quot;이라며 &quot;다만 최근 <b>상호관세</b> 등 경제 전반의... ,2025-04-23 12:02:00+09:00
"금융위 “스코프3 공시, 충분한 유예기간 부여”",http://www.fnnews.com/news/202504231145480125,그는 “많은 투자자들이 기후 리스크 관리 차원에서 지속가능성 공시 정보를 요구하고 있다”며 “다만 최근 <b>상호관세</b> 등 경제 전반의 불확실성이 상존하고 주요국에서 공시수준 조정 움직임이 있는 만큼 관계기관과... ,2025-04-23 12:01:00+09:00
김병환 금융위원장 방미…&quot;바이오 투자·K금융 글로벌 지원&quot;,http://www.edaily.co.kr/news/newspath.asp?newsid=02948726642139072,"김 위원장과 슈워츠먼 회장은 미국 <b>상호관세</b> 부과와 상대 국가들의 대응으로 인한 인플레이션, 경기 위축 우려 등이 글로벌 금융 시장에 큰 영향을 미치고 있으며, 앞으로도 불확실성이 지속될 수 있다는 데 공감했다. 김... ",2025-04-23 12:01:00+09:00
기후공시 의무화 시기 늦춘다…스코프3 적용도 유예키로,https://www.etnews.com/20250423000082,김 부위원장은 “국내 자본시장에서도 주요국과 마찬가지로 지속가능성 공시가 필요한 상황”이라면서도 “<b>상호관세</b> 등 경제 전반의 불확실성이 상존하고 주요국에서 공시수준 조정 움직임이 있는 만큼 관계기관과... ,2025-04-23 12:01:00+09:00
1조달러 운용 블랙스톤 회장 만난 김병환...&quot;블랙스톤 한국진출 고려&quot;,http://news.mt.co.kr/mtview.php?no=2025042310381587384,"김 위원장과 슈워츠먼 회장은 미국 <b>상호관세</b> 부과와 상대국가들의 대응으로 인한 인플레이션과 경기위축 우려 등이 글로벌 금융시장에 큰 영향을 미치고 있으며, 앞으로도 불확실성이 지속될 수 있다는 점에... ",2025-04-23 12:00:00+09:00
"김병환 금융위원장, MSCI에 &quot;선진국지수, 정당히 평가해달라&quot;",https://www.newsis.com/view/NISX20250423_0003150334,"김 위원장과 슈워츠먼 회장은 미국 <b>상호관세</b> 부과와 상대국가들의 대응으로 인한 인플레이션과 경기위축 우려 등이 글로벌 금융시장에 큰 영향을 미치고 있으며, 앞으로도 불확실성이 지속될 수 있다는 점에 공감했다.... ",2025-04-23 12:00:00+09:00
"김소영 &quot;지속가능성 공시, 최초 시행시기 논의&quot;",http://www.seoulfn.com/news/articleView.html?idxno=555341,"그러면서 &quot;다만, 최근 <b>상호관세</b>, 투자심리 악화 등 국내외 경제 전반의 불확실성이 상존하는 점과 주요국 공시수준 조정 움직임 등을 고려해 추진할 필요가 있다&quot;며 &quot;정부는 주요국 동향 변화를 면밀히 파악하는 한편... ",2025-04-23 12:00:00+09:00
"'바이오 벤처 생태계 비법은' 김병환 금융위원장, 美 보스톤클러스터 방...",https://www.newspim.com/news/view/20250423000390,"두 사람은 최근 미국과 상대국 간의 <b>상호관세</b> 부과로 불확실성을 논의하며, 한국 금융시장의 안정성과 정부의 대응 노력을 설명했다. 김 위원장은 한국 정부가 추진하는 자본시장 선진화 계획을 강조하며 금융당국과의... ",2025-04-23 12:00:00+09:00
EU 등 규제완화에…금융위 부위원장 &quot;ESG공시 주요국 변화 고려&quot;,https://www.yna.co.kr/view/AKR20250423068300002?input=1195m,김소영 금융위 부위원장은 23일 서울 여의도 금융투자협회에서 'ESG 금융추진단 제5차 회의'를 개최하고 &quot;최근 <b>상호관세</b> 등 경제 전반의 불확실성이 상존하고 주요국에서 공시 수준 조정 움직임이 있는 만큼 이를 고려해... ,2025-04-23 12:00:00+09:00
김병환 MSCI에 &quot;외국인 시장접근성 향상 정책노력 평가&quot; 당부,https://www.yna.co.kr/view/AKR20250423085700002?input=1195m,"김 위원장과 슈워츠먼 회장은 미국 <b>상호관세</b> 부과와 상대국가들의 대응으로 인한 인플레이션과 경기위축 우려 등이 글로벌 금융시장에 큰 영향을 미치고 있고, 앞으로도 불확실성이 지속될 수 있다는 점에도 공감했다.... ",2025-04-23 12:00:00+09:00
금융위 “ESG 공시기준 완화 국제 흐름 고려해 로드맵 결정”…거래소와...,https://biz.heraldcorp.com/article/10471825?ref=naver,"다만 최근 <b>상호관세</b> 등 경제 전반의 불확실성과 주요국에서 공시수준 조정 움직임이 있는 만큼, 주요국 동향 변화를 면밀히 파악할 것을 주문했다. 이날 거래소는 EU의 옴니버스 패키지 추진과 일본의 최종 공시기준... ",2025-04-23 12:00:00+09:00
"&quot;ESG 정보 제공 요구 높은 기업, 최초 공시 시행 시기 논의해야&quot;",https://www.news1.kr/finance/general-stock/5762153,김 부위원장은 &quot;많은 투자자가 기후 리스크 관리 차원에서 지속가능성 공시 정보를 요구하고 있어 국내 자본시장에서도 주요국과 마찬가지로 지속가능성 공시가 필요한 상황&quot;이라면서도 &quot;최근 <b>상호관세</b> 등 경제 전반의... ,2025-04-23 12:00:00+09:00
"김병환 금융위원장, 미국에서 바이오투자 활성화·금융협력 강화 모색",http://www.consumernews.co.kr/news/articleView.html?idxno=731015,"김 위원장과 슈워츠먼 회장은 미국 <b>상호관세</b> 부과와 상대 국가들의 대응으로 인한 인플레이션과 경기위축 우려 등이 글로벌 금융시장에 큰 영향을 미치고 있으며, 앞으로도 불확실성이 지속될 수 있다는 점에 공감했다. 김... ",2025-04-23 12:00:00+09:00
[주한 대사를 만나다]&quot;EU는 신뢰할 수 있는 韓 파트너…양국 윈윈&quot;,https://view.asiae.co.kr/article/2025042309533579545,최근 미국이 고율의 '<b>관세</b> 폭탄'을 발표하며 무역 전쟁이 시작될 수 있다는 우려가 나오고 있다. 대미 통상을... 비즈니스에서도 <b>상호</b> 협력이 증대될 수 있도록 도와야 하며 인적 교류도 강화할 필요가 있다. (주한 EU... ,2025-04-23 12:00:00+09:00
"금융당국 &quot;지속가능성 공시, 주요국 동향 보며 공시 기준과 로드맵 결정...",https://www.newspim.com/news/view/20250423000360,"다만 &quot;최근 <b>상호관세</b> 등 경제 전반의 불확실성이 상존하고 주요국에서 공시수준 조정 움직임이 있는 만큼, 관계기관과 함께 주요국 동향 변화를 면밀히 파악하는 한편, 기업의 준비상황 등도 충분히 감안하여 원활한... ",2025-04-23 12:00:00+09:00
"금융위원장, '트럼프 경제교사' 블랙스톤 회장 회동…&quot;韓 진출 고려&quot;",https://biz.sbs.co.kr/article_hub/20000230375?division=NAVER,"김 위원장과 슈워츠먼 회장은 미국 <b>상호관세</b> 부과와 상대국들의 대응으로 인한 인플레이션과 경기위축 우려 등이 글로벌 금융시장에 큰 영향을 미치고 있으며, 앞으로도 불확실성이 지속될 수 있다는 점에... ",2025-04-23 12:00:00+09:00
“中 잘 대해 줄 것” “파월 해고 안해”… 시장 달래는 트럼프,https://www.munhwa.com/article/11500981?ref=naver,“미국은 <b>관세</b>를 무기로 각국을 무차별 공격해 세계무역기구(WTO) 규칙을 공공연히 위반하고 각국의 정당한 권익을 해치고 있다”며 “중국은 높은 수준의 대외개방을 고수하고 각국과 <b>상호</b>이익·윈윈협력을 지속하면서... ,2025-04-23 11:58:00+09:00
[휘낭시에 카페] 엔화가 뜬다는데...외화 재테크 어떻게 하나요?,https://www.ntoday.co.kr/news/articleView.html?idxno=115080,【투데이신문 문영서 기자】 미국 트럼프 행정부의 <b>상호관세</b> 정책에 따른 경기 침체 우려가 커지면서 투자자들 사이에서 달러 대신 엔화가 새로운 안전 자산으로 주목받고 있습니다. 달러 약세가 이어지며 상대적으로... ,2025-04-23 11:56:00+09:00
"경기도, 반도체산업 위기 극복을 위한 소통의 장 마련",http://www.fieldnews.kr/news/articleView.html?idxno=15867,시군 및 소속 공공기관 등 반도체 분야 재직자들이 기관별로 정책이나 주요 현안 등을 공유하며 <b>상호</b>... 홍성호 경기도 반도체산업과장은 &quot;트럼프발 품목별 <b>관세</b> 부과 예고에 따른 반도체 분야 불확실성이 지속될 것으로... ,2025-04-23 11:54:00+09:00
"美법원, <b>관세</b> 효력정지 가처분 신청 기각…&quot;중소기업 피해 입증 못해&quot;",http://www.edaily.co.kr/news/newspath.asp?newsid=02889686642139072,미국 국제무역법원(CIT)은 22일(현지시간) 미국 중소기업 5개사가 트럼프 대통령의 <b>상호관세</b> 부과가 불법이라며 소송을 제기하며 관세 조치 효력 정지 가처분을 신청한 것과 관련해 소송이 진행되는 동안 관세를 유지할 수... ,2025-04-23 11:54:00+09:00
"중, 휴머노이드 마라톤 대회 이어… 축구·농구 등 ‘로봇 운동회’ 연...",https://www.munhwa.com/article/11500945?ref=naver,"미국과 <b>관세</b> 전쟁 중인 중국이 로봇 굴기에 가속도를 가하는 것이어서 주목된다. 22일 중국 관영... 체화지능(embodied intelligence)은 실제 환경과 <b>상호</b> 작용하는 신체를 가진 인공지능(AI)으로, 중국 정부는 지난달 양회... ",2025-04-23 11:53:00+09:00
"트럼프 한발 물러서자 美자산 투심 회복…달러 반등, 금값은 하락",http://www.joseilbo.com/news/news_read.php?uid=541728&class=42&grp=,"이번 발언은 트럼프 대통령이 이달 초 대부분 국가에 <b>상호관세</b>를 발표하고 대중(對中) 관세를 인상한 이후, 금융시장이 크게 출렁이고 세계 경기 침체 우려가 확산되는 가운데 나온 것으로, 그의 대중 무역 정책이 다소... ",2025-04-23 11:45:00+09:00
타이완 총통 “미국산 LNG 구매가 <b>관세</b> 협상의 중점”,https://news.kbs.co.kr/news/pc/view/view.do?ncd=8235479&ref=A,타이완 총통이 미국산 액화천연가스(LNG) 구매가 미국과의 <b>상호관세</b> 협상의 중점이라고 밝혔습니다. 23일 자유시보와 연합보 등 타이완 매체에 따르면 라이칭더 타이완 총통은 22일 제55회 지구의 날을 맞아 총통부에서... ,2025-04-23 11:44:00+09:00
[아시아라운드업 20250423] 인도-파키스탄 분쟁지역 카슈미르 총격 테러...,http://kor.theasian.asia/archives/381754,중국 개인투자자 '애국 주식투자' 열기 확산- 중국인들 사이에서 도널드 트럼프 미국 대통령의 '해방의 날'(4월 2일 <b>상호관세</b> 발표일)을 계기로 '애국 주식투자' 열기가 확산하고 있다고 로이터통신이 22일 보도. 로이터가... ,2025-04-23 11:44:00+09:00
"김병환 금융위원장, 美 블랙스톤 회장 만나 &quot;K-금융 알리기&quot;",https://www.news1.kr/finance/general-finance/5762149,"두 사람은 미국의 <b>상호관세</b> 부과가 글로벌 금융시장에 큰 영향을 미치고 있고, 앞으로도 불확실성이 지속될 수 있다는 점에 공감했다. 다만 김 위원장은 &quot;한국 금융시장은 안정적인 흐름을 유지하고 있다&quot;며 &quot;한·미 양국... ",2025-04-23 11:42:00+09:00
[황병극의 파인앤썰] 미국이 위험하다,https://news.einfomax.co.kr/news/articleView.html?idxno=4352537,트럼프 행정부의 <b>관세</b> 조치가 향후 인플레이션을 재점화하고 성장률을 갉아먹을 것이란 우려가 부각되면서... 이는 <b>상호</b>이익이 아니라 미국 패권만 강요하는 상황에서는 기축통화로서 달러의 입지도 약해질 수 있다는... ,2025-04-23 11:42:00+09:00
"IMF, 韓 성장률 2.0→1.0%로",https://biz.heraldcorp.com/article/10471970?ref=naver,한편 이번 경제전망은 미국의 <b>상호관세</b> 부과 직후 시점인 4월 4일을 기준으로 작성됐다. 세계 경제성장률 전망의 경우 ‘기준 전망(4월 4일 기준)’ 외에도 미국의 <b>상호관세</b> 유예 조치와 미·중 간 보복관세의... ,2025-04-23 11:41:00+09:00
"“한·미 <b>관세</b>협상 잘돼도, 성장률 0.5%P 하락 불가피”",https://biz.heraldcorp.com/article/10471968?ref=naver,"씨티는 보고서에서 ▷미국이 한국에 10% <b>상호관세</b>, 미·중 간 100% 넘는 <b>상호관세</b> 유지 ▷미국이 한국에 25% <b>상호관세</b>, 미·중 간 100% 넘는 <b>상호관세</b> 유지 ▷미국이 한국에 10% <b>상호관세</b>, 미국이 중국에 60% <b>상호관세</b> 부과... ",2025-04-23 11:40:00+09:00
"BTS 지민, '불닭볶음면' 참 맛있게 먹더니…삼양, 1000억 '잭팟' 터진다",https://www.sedaily.com/NewsView/2GRMTJEGOW,다만 최근 도널드 트럼프 미국 대통령이 한국산 제품에 25% <b>상호 관세</b>를 부과하겠다고 밝히면서 미국 수출 비중이 높은 삼양식품에 잠재적 위험 요인으로 작용할 수 있다는 우려도 제기된다. 이에 삼양식품은 “해외... ,2025-04-23 11:37:00+09:00
대만 총통 &quot;미국산 LNG 구매가 <b>관세</b> 협상의 중점&quot;,https://www.yna.co.kr/view/AKR20250423084100009?input=1195m,"전문가들, 대만의 알래스카 LNG 개발 투자 리스크 지적 김철문 통신원 = 대만 총통이 미국산 액화천연가스(LNG) 구매가 미국과의 <b>상호관세</b> 협상의 중점이라고 밝혔다. 23일 자유시보와 연합보 등 대만언론에 따르면... ",2025-04-23 11:37:00+09:00
"일본 “자동차는 OK 방위비는 NO, 그런데 쌀이…”",https://www.hani.co.kr/arti/international/international_general/1193828.html,미·일간 <b>상호관세</b> 2차 협상이 오는 30일께 열릴 것으로 보인다. 일본 정부는 관세 협상에 방위비 문제를 엮는 ‘패키지 딜’에 사실상 거부 뜻을 밝힌 가운데 두 나라가 실질 협상이 가능한 분야를 확정하는 ‘스코핑’... ,2025-04-23 11:36:00+09:00
정부 협상단 60명 미국 간다,https://biz.heraldcorp.com/article/10471946?ref=naver,미국의 공세에 대비해 우리 대표단은 무역 균형 추구와 비관세 장벽 해소 노력 등을 함께 담은 범정부 ‘패키지’를 미국 측에 제안해 <b>상호관세</b>와 자동차·철강·반도체 등 품목별 관세 철폐 또는 최소화를 요구하려는... ,2025-04-23 11:32:00+09:00
최상목 이어 안덕근도 ‘통상협의’ 위해 방미길…관계부처 ‘총출동’...,http://www.edaily.co.kr/news/newspath.asp?newsid=02814246642139072,안덕근 장관은 23일 오전 인천국제공항에서 출국하기 전 기자들과 만나 “<b>상호</b> 윈윈할 수 있는 협의의... 안 장관은 “차분하고 신중하게 협상을 할 것”이라면서도 “25% <b>관세</b> 부과로 큰 피해가 있는 자동차 분야에 대해선... ,2025-04-23 11:32:00+09:00
"안덕근 장관, 미국 출국…&quot;무역 불균형 문제·조선·에너지 협력 협의&quot;",http://www.sisafocus.co.kr/news/articleView.html?idxno=337852,있는 <b>상호</b> 윈윈할 수 있는 협의의 토대를 구축하고자 한다&quot;며 &quot;일본 상황을 저희가 잘 알고 있고 가능성에 대해선 열어놓고 저희가 대비하고 있다&quot;고 부연했다. 특히 안 장관은 &quot;지금 25% <b>관세</b>가 부과돼 산업에 큰 피해가... ,2025-04-23 11:32:00+09:00
"美와 갈등 장기화 대비?...中, 전략분야 인재 양성 위해 29개 학부 신설...",https://www.ajunews.com/view/20250423105024861,"전략적 <b>상호</b> 신뢰를 강화하고 공급망 협력을 확대한다는 외교 방침을 천명했다. 또 상하이푸단대... 홍콩 사우스차이나모닝포스트(SCMP)는 중국 교육부의 이번 행보에 대해 &quot;미국이 고율 <b>관세</b>를 부과하고, 첨단 반도체와... ",2025-04-23 11:30:00+09:00
IMF 총재 “<b>관세</b>로 불확실성 역대 최고”,https://biz.heraldcorp.com/article/10471934?ref=naver,"내년 경제성장률은 3.0%으로 집계됐으나, <b>상호관세</b>를 적용한 보완 전망은 2.9%로 전망했다. IMF는 4월에 이뤄진 <b>상호관세</b> 조치가 계속될 경우 “2026년 이후 미국과 중국의 경제적 손실은 더욱 커질 것”이라고 전망했다.... ",2025-04-23 11:29:00+09:00
美 “中과 <b>관세</b>갈등 지속 불가능…가까운 미래에 완화”,https://biz.heraldcorp.com/article/10471929?ref=naver,미 정부는 지난 9일 세계 57개 경제주체(56개국+EU 27개국)에 차등 적용하는 <b>상호관세</b>를 발효 13시간 만에 90일간 유예했다. 이후 미 정부는 자국 무역적자를 줄이기 위한 각국과의 개별 협상에서 상당한 진전을 이뤄내고... ,2025-04-23 11:29:00+09:00
"美 <b>관세</b>전쟁에 화물운임 하락 … 항공업계, 여객 수요까지 위축될까 '전...",https://biz.newdaily.co.kr/site/data/html/2025/04/23/2025042300174.html,<b>상호관세</b> 부과 직전 불확실성에 따른 수요가 급등해 화물을 앞당겨 옮기려는 시도가 많아지며 운임지수가 큰 폭으로 올랐다가 관세 부과 이후 하락한 셈이다. 2분기 사정도 녹록지 않다. 트럼프 행정부가 각국에 부여한... ,2025-04-23 11:28:00+09:00
&quot;올해는 다르네&quot;…코스닥 상승률 주요국 중 1위,https://www.newsis.com/view/NISX20250423_0003149864,도널드 트럼프발 <b>상호관세</b> 정책 충격으로 글로벌 증시가 급락한 가운데 코스닥지수 상승률이 주요국 중 1위를 기록한 것으로 나타났다. 23일 한국거래소에 따르면 관세 유예를 발표한 지난 10일부터 전날까지... ,2025-04-23 11:27:00+09:00
"트럼프, 교황 장례식 참석차 25일 출국 … 내달 13~16일 중동 순방",https://www.newdaily.co.kr/site/data/html/2025/04/23/2025042300181.html,중국을 제외하고 9일부터 90일간 유예한 <b>상호관세</b>와 관련해 래빗 대변인은 &quot;전 세계 100개 이상의 국가에서 미국과 협상을 원하는 18개의 제안이 제출됐다&quot;고 밝혔다. 그러면서 &quot;대통령과 행정부는 중국과의 협상 무대를... ,2025-04-23 11:26:00+09:00
"IMF, 2025년 세계 성장률 3.3%→2.8%...트럼프發 <b>관세</b> 타격 경고",http://www.joseilbo.com/news/news_read.php?uid=541723&class=42&grp=,"이어 &quot;지난 1월 트럼프 대통령 취임 이후 캐나다와 멕시코, 중국에 부과된 펜타닐 관세를 시작으로 <b>상호관세</b> 발표일인 4월 2일 관세는 절정에 달했다&quot;면서 &quot;미국의 실효관세율은 대공황이 발생했던 1930년대 수준을... ",2025-04-23 11:25:00+09:00
"韓 내수 성장 기여도, 주요 10개국 중 최하위",http://www.newsprime.co.kr/news/article.html?no=685247,잉광현 의원은 &quot;위법한 계엄으로 빨라진 내수 경기 악화가 세계적으로도 심각한 수준&quot;이라며 &quot;일시적으로 회복한 수출도 미국 <b>상호관세</b>로 타격이 우려된다&quot;고 평가했다. 이어 &quot;이번 추가경정예산안을 보면 정부가... ,2025-04-23 11:24:00+09:00
"구식 CCTV는 가라... 날로 치열해지는 인도 CCTV 시장, 우리 기업들의 진...",http://dream.kotra.or.kr/kotranews/cms/news/actionKotraBoardDetail.do?SITE_NO=3&MENU_ID=180&CONTENTS_NO=1&bbsGbn=243&bbsSn=243&pNttSn=228084,"연결성과 <b>상호</b> 운용성을 향상시키고 있다. 스마트폰과 Alexa, Google Home과 같은 음성 비서 시스템을... &lt;주요 국가별 HS코드 852589 품목 적용 <b>관세</b>율('25.1.15 기준)&gt; 국가 對인도 자유무역협정 <b>관세</b>혜택 유/무 적용... ",2025-04-23 11:24:00+09:00
[글로벌차트] 파월 해임설에 美 기간 프리미엄 '80bp' 돌파…11년래 최고,https://news.einfomax.co.kr/news/articleView.html?idxno=4352531,도널드 트럼프 대통령의 <b>상호관세</b> 발표를 계기로 레벨을 크게 높인 기간 프리미엄은 제롬 파월 연방준비제도(연준ㆍFed) 의장 해임설까지 겹치자 보폭을 더 확대했다. 22일(현지시간) 뉴욕 연방준비은행의 모델에... ,2025-04-23 11:24:00+09:00
"[<b>관세</b>의 무기화, 수출국 딜레마②] 신뢰 잃은 달러의 추락",https://www.ntoday.co.kr/news/articleView.html?idxno=115074,도널드 트럼프 미국 대통령이 2일(현지 시간) 백악관 경내 로즈가든에서 '미국을 다시 부유하게'라는 행사를 열고 국가별 <b>상호관세</b>를 발표하고 있다. [사진=AP/뉴시스] 미국의 고강도 관세 압박이 역풍을 맞고 있다. 미국... ,2025-04-23 11:20:00+09:00
안덕근 장관도 출국…“방위비 협상도 가능성 열고 대비” [지금뉴스],https://news.kbs.co.kr/news/pc/view/view.do?ncd=8235464&ref=A,협상 속도에 대해서는 &quot;차분하고 신중하게 입장 준비 중&quot;이라면서도 &quot;25% (<b>상호</b>) <b>관세</b>가 부과돼 산업에 큰 피해가 예상돼 신속하게 해결책을 마련하도록 최선을 다하겠다&quot;고 했습니다. 대통령이 부재한 상황을 걸림돌로... ,2025-04-23 11:19:00+09:00
무역협상 낙관론에도 원화 약세 지속...원·달러 환율 어디로,https://www.newsway.co.kr/news/view?ud=2025042311122298025,"<b>상호관세</b> 발효 이후 불안해진 미국증시와 미중 갈등 격화, 도널드 트럼프 대통령과 파월 의장간 신경전 등이 달러화 약세의 직접적인 원인으로 작용했다. 특히 미국 경제 둔화에 대한 우려로 연준의 추가 긴축 가능성이... ",2025-04-23 11:16:00+09:00
"경기도, 반도체산업 위기 극복을 위한 소통의 장 마련…&quot;위기 진단·정책...",http://www.econonews.co.kr/news/articleView.html?idxno=384946,시군 및 소속 공공기관 등 반도체 분야 재직자들이 기관별로 정책이나 주요 현안 등을 공유하며 <b>상호</b>... 홍성호 경기도 반도체산업과장은 &quot;도널드 트럼프 미국 행정부발 품목별 <b>관세</b> 부과 예고에 따른 반도체 분야... ,2025-04-23 11:16:00+09:00
안덕근 “자동차 등 美 <b>관세</b> 신속 대응”,https://biz.heraldcorp.com/article/10471881?ref=naver,트럼프 대통령이 이달 2일 무역 상대국에 <b>상호관세</b> 부과를 발표한 뒤 국가별로 양자 통상 협의를 진행 중인 가운데 한국 역시 미국과 고위급 수준의 본격적인 협상을 시작하게 되는 것이다. 안 장관은 방위비 협상... ,2025-04-23 11:15:00+09:00
미-중 갈등 시름 깊은데 인도 투자자 ‘안도’,https://biz.heraldcorp.com/article/10471878?ref=naver,트럼프 대통령의 <b>상호 관세</b> 발표 이후 인도 커뮤니케이션업종과 금융업종은 8% 이상 급등했다. 유틸리티와 필수소비재 등의 상승세도 두드러졌다. 모두 인도의 강한 내수 효과 덕분이다. 여기에 미국과 관세 협상이... ,2025-04-23 11:14:00+09:00
트럼프 “파월 해고안해” 발언에 달러 오르고 금값 주춤,https://biz.heraldcorp.com/article/10471871?ref=naver,"데이비드 솔로몬 골드만삭스 최고경영자(CEO)는 CNBC 인터뷰에서 미국의 <b>상호관세</b> 90일 유예로 불확실성이 오히려 커졌다면서, 투자자들이 미국 무역정책을 더 잘 이해하게 될 때까지 변동성 확대와 자산 가격... ",2025-04-23 11:13:00+09:00
"[사설] 1.0%까지 낮춘 IMF 전망, 내수 성장기여도 높여야",https://biz.heraldcorp.com/article/10471860?ref=naver,김진욱 씨티 이코노미스트의 보고서에 따르면 미국이 한국에 10% 기본관세만을 부과한다고 해도 미·중 간 100% 넘는 <b>상호관세</b>가 유지되면 한국 성장률은 0.5%p 떨어지는 것으로 분석됐다. 미·중 협상은 우리가... ,2025-04-23 11:11:00+09:00
"한미, 내일 역사적 <b>관세</b> 협의...트럼프 직접 나설까?",https://www.ytn.co.kr/_ln/0104_202504231110517764,[한덕수 / 대통령 권한대행(그제) : 정부는 '국익 최우선' 의 원칙 하에 미국과 차분하고 진지하게 협의하여 양국이 <b>상호</b> 윈-윈(Win-Win)할 수 있는 방안을 찾는 데 총력을 기울이겠습니다.] 트럼프 <b>관세</b> 전쟁의 엄청난 타격이... ,2025-04-23 11:10:00+09:00
[국제in] 트럼프 시장달래기하나… 美中협상 낙관·파월 해고 부인,https://www.newscj.com/news/articleView.html?idxno=3261407,지난 9일 미국 정부가 중국을 제외한 세계 57개 경제주체(56개국+EU 27개국)에 차등 적용하는 <b>상호관세</b>를 발효 13시간 만에 90일간 유예한 뒤 미국의 무역적자를 줄이기 위한 각국과의 개별 협상에서 상당한 진전을 보고... ,2025-04-23 11:10:00+09:00
오락가락 <b>관세</b>정책에 가전업계 '긴장'…&quot;글로벌 생산망 적극 활용&quot;,https://www.ntoday.co.kr/news/articleView.html?idxno=115070,"23일 업계에 따르면 미국 세관국경보호국(CBP)이 지난 11일(현지시간) 스마트폰, PC, 노트북 등을 <b>상호 관세</b> 대상에서 제외하겠다고 발표했다. 이후 도널드 트럼프 대통령은 13일(현지시간) 소셜 미디어 플랫폼을 통해 해당... ",2025-04-23 11:10:00+09:00
"세계 곳곳 분쟁 격화, 신자유주의는 이미 승리했는가?",https://newscham.net/articles/112839,"트럼프의 “해방의 날” <b>관세</b>가 끝난 지금, 이 계획은 미국 제조업 부흥과는 거의 관계가 없고, 미국에... 모스크바와 베이징이 주장하는 반미 패권, <b>상호</b> 이익 협력 구상은 반갑지만, 실제로 그것이 노동자나 환경을... ",2025-04-23 11:10:00+09:00
"달러인덱스, 3년 만에 '사상 최저'...금값은 '거침없이 하이킥' [The SIGNA...",http://www.hansbiz.co.kr/news/articleView.html?idxno=745640,iM증권도 &quot;달러화 지수는 이달 초 <b>상호관세</b> 발표 이후 약 5.3% 급락하는 등 올해만 약 10% 가까운 폭락세를 보여주고 있다&quot;며 &quot;특히 올 초부터 21일까지 달러화 하락 폭은 1970년 이후 같은 기간 기준 가장 가파른 속도&quot;라고... ,2025-04-23 11:10:00+09:00
안덕근 장관도 미국으로 “트럼프 깜짝 등장에 대비…자동차 <b>관세</b> 문제...,https://www.khan.co.kr/article/202504231108011,안 장관은 23일 오전 인천국제공항에서 출국하기 전 기자들과 만나 “<b>상호</b> 윈윈할 수 있는 협의의 토대를 구축하고자 한다”며 “차분하고 신중하게 협상에 임하겠다”고 밝혔다. 이어 “25% 품목별 <b>관세</b>가 부과돼... ,2025-04-23 11:09:00+09:00
"IMF, 韓 올해 성장률 전망치 1.0%p 낮춰...'석 달' 만에 반토막",https://www.financialpost.co.kr/news/articleView.html?idxno=224915,다만 IMF는 미국의 <b>관세</b> 조치 인하와 <b>상호</b> 협상 등이 진전될 경우 세계 경제의 상방 조정 요인으로 작용할 수 있다고 언급했다. IMF는 불확실성과 성장 둔화에 대응하기 위해 예측 가능한 무역환경 조성할... ,2025-04-23 11:08:00+09:00
1분기 사상 최대 실적 달성 '김'...美 <b>관세</b> 정책에 촉각,https://www.ntoday.co.kr/news/articleView.html?idxno=115058,수출 효자 품목으로 자리 잡은 김이 1분기 역대 최대 수출액을 달성한 가운데 트럼프발 <b>상호 관세</b>가 향후 수출 흐름에 영향을 미칠 수 있다는 우려가 제기된다. [사진=뉴시스] 수출 효자 품목으로 자리 잡은 김이 1분기... ,2025-04-23 11:06:00+09:00
&quot;미중 <b>관세</b>전쟁 시 올해 한국 성장률 0.5%p 하락&quot;,https://www.imaeil.com/page/view/2025042310161083249,"씨티는 보고서에서 ▷미국이 한국에 10% <b>상호관세</b>, 미·중 간 100% 넘는 <b>상호관세</b> 유지 ▷미국이 한국에 25% <b>상호관세</b>, 미·중 간 100% 넘는 <b>상호관세</b> 유지 ▷미국이 한국에 10% <b>상호관세</b>, 미국이 중국에 60% <b>상호관세</b> 부과... ",2025-04-23 11:06:00+09:00
트럼프 &quot;파월 해고안해&quot;…미국 증시 선물·달러 가치 상승,http://www.kado.net/news/articleView.html?idxno=1306774,데이비드 솔로몬 골드만삭스 최고경영자(CEO)는 CNBC 인터뷰에서 &quot;미국의 <b>상호관세</b> 90일 유예 조치가 오히려 불확실성을 키웠다&quot;며 &quot;투자자들이 미국 무역정책을 더 잘 이해하게 될 때까지는 변동성과 자산 가격... ,2025-04-23 11:05:00+09:00
"&quot;시장, 트럼프 '후퇴의 기술'에 환호할 것&quot;",https://news.einfomax.co.kr/news/articleView.html?idxno=4352521,"앞으로 공개될 합의안은 세부 사항에 따라 시장이나 경제에 예상치 못한 영향을 미칠 수 있겠지만, 어떤 합의 내용이 나오더라도 지난 2일 발표한 <b>상호관세</b> 부과 방침에 비해서는 시장이 받아들이기 쉬운 수준일 것으로... ",2025-04-23 11:04:00+09:00
트럼프 &quot;중국과 협상 잘 하고 있다&quot; 시장 달래기 나서,https://www.nextdaily.co.kr/news/articleView.html?idxno=237365,트럼프 대통령은 지난 9일 0시 1분부터 무역 상대 국가별 <b>상호관세</b> 부과가 발효되기 시작한 지 13시간여 만에 중국을 제외한 70여개국에 대한 <b>상호관세</b>를 90일간 유예하겠다고 번복한 바 있다. 각국의 반발에 따른 일종의... ,2025-04-23 11:04:00+09:00
"美, 베트남 개최 종전 50주년 기념식 불참…대사관에 지시",https://www.yna.co.kr/view/AKR20250423073900009?input=1195m,그러나 트럼프 행정부는 최근 베트남을 중국산 상품의 대미 우회 수출 경로로 지목하면서 46%라는 고율의 <b>상호관세</b>를 부과했다. 베트남이 트럼프 행정부를 향해 협상 의사를 밝힌 상황에서 기념행사에까지 불참하는 것은... ,2025-04-23 11:04:00+09:00
[아침저널] 시진핑 위협하는 中 2인자?...차기 정부 한중 관계는,https://news.bbsi.co.kr/news/articleView.html?idxno=4027166,▷ 신인규 : 근데 우리 백 교수님 또 외교 관료 출신이시니까 지금 미중 갈등 특히 <b>관세</b>를 둘러싸고 너무나도... 만약에 이걸 <b>상호</b>적으로 대응한다고 그러면 우리도 인공물 설치하고 그 다음에 이제 통제하기 시작할 거고... ,2025-04-23 11:04:00+09:00
미·중 갈등에 '새우등' 터질 판…韓 성장률 0.5%p↓ 전망,http://www.newsprime.co.kr/news/article.html?no=685237,"보고서는 △미국이 한국에 10% <b>상호관세</b>, 미·중 간 100% 넘는 <b>상호관세</b> 유지 △미국이 한국에 25% <b>상호관세</b>, 미·중 간 100% 넘는 <b>상호관세</b> 유지 △미국이 한국에 10% <b>상호관세</b>, 미국이 중국에 60% <b>상호관세</b> 부과(보복 관세... ",2025-04-23 11:04:00+09:00
"&quot;韓 4월 수출은 '탄광의 카나리아'…아시아, 수출증가율 두자릿수 감소...",http://www.edaily.co.kr/news/newspath.asp?newsid=02706006642139072,"노무라는 “전체적으로 한국의 조기 수출 데이터는 기대보다 매우 부진하며, (<b>상호관세</b> 유예에도) 본격적인 관세 부과에 앞서 수출이나 수입 물량을 늘리는 프론트로딩(front loading)이 나타나지 않았다”고 진단했다.... ",2025-04-23 11:02:00+09:00
한국 경제성장률 1% 턱걸이…IMF &quot;선진국 중 가장 큰 하향폭&quot;,http://www.newsian.co.kr/news/articleView.html?idxno=78831,"다만, 미국 <b>관세</b> 조치 인하와 <b>상호</b> 협상 등이 진전될 경우 세계경제의 상방 조정 요인으로 작용할 수 있다고 언급했다. IMF는 고조된 불확실성과 성장 둔화에 대응하기 위해 △예측가능한 무역환경 조성을 위한... ",2025-04-23 11:02:00+09:00
"미래에셋생명 &quot;2분기 변액보험 운용, 미국·성장주 중심 투자 기조 유지...",https://www.financialpost.co.kr/news/articleView.html?idxno=224942,미국의 <b>상호관세</b> 정책과 이에 따른 미·중 간 관세 마찰 격화 등으로 글로벌 금융시장 상황에 대한 우려가 큰 상황에서 미래에셋생명이 2분기 변액보험 운용 전략을 내놨다. 미래에셋생명은 미국 및 성장주 중심 투자... ,2025-04-23 11:02:00+09:00
IMF의 경고 &quot;<b>관세</b>타격에 세계 경제 80년 만에 리셋 중&quot;,https://www.asiatime.co.kr/article/20250423500129,다만 이번 전망에서 미국의 중국을 제외한 주요국에 대한 <b>상호관세</b> 조치 90일 유예는 반영되지 않았다. 유예 조치가 있기 전인 4월4일까지 반영 가능한 정보를 기반으로 국가별·지역별 성장률을 전망했다. 올해... ,2025-04-23 11:02:00+09:00
'2+2 한미 <b>관세</b>협의' 나선 안덕근... &quot;車 <b>관세</b> 신속 해결... 양국 '윈윈'...,https://www.hankookilbo.com/News/Read/A2025042309570004530?did=NA,양국이 <b>상호</b> 윈윈(Win-Win)할 수 있는 토대를 구축하고자 한다&quot;고 밝혔다. 안 장관은 23일 인천국제공항에서... 안 장관은 현재 <b>관세</b>가 부과된 업종의 피해를 줄이는 게 1차 목표라고 강조했다. 그는 &quot;25% <b>관세</b>가 부과돼 피해가... ,2025-04-23 11:01:00+09:00
"aT 홍문표 사장, 미 서부에서 '대한민국 식품영토 확장' 방안 모색",http://www.newsworker.co.kr/news/articleView.html?idxno=376376,특히 가파른 성장세를 보이고 있는 K-푸드 대미 수출에 <b>상호관세</b> 부과 등 통상환경 변화가 큰 도전 과제로 작용할 가능성이 높아 보이는 상황에서 이번 미국 현지 수입유통업계와의 소통과 현장 활동은 업계의 애로... ,2025-04-23 11:00:00+09:00
"[이슈&amp;인사이트] <b>관세</b>, 손자병법의 가르침",https://www.ekn.kr/web/view.php?key=20250423028348970,그래서인지 최근 미국의 <b>상호관세</b>와 중국의 강경대응 이어지는 중국 고립전략은 『손자병법』에 나오는 전략과 매우 닮아있다. 트럼프는 <b>상호관세</b>라는 무기를 전 세계를 대상으로 휘둘렀다. 펭귄만 사는 섬을 포함하여... ,2025-04-23 11:00:00+09:00
대미 협상에 수입 늘어날라…기업 달러 보유 확대 촉각,https://news.einfomax.co.kr/news/articleView.html?idxno=4352519,트럼프 정부는 이러한 무역적자가 상대 교역국의 수입액에서 차지하는 비율을 바탕으로 <b>상호관세</b>율을 산정했다. 미국산을 더 사가라는 압박 중 하나로 해석됐다. [출처: 한국무역협회] 당분간 <b>상호관세</b>는 유예됐고... ,2025-04-23 10:58:00+09:00
현대차·기아 1분기 친환경차 美 판매 3위...<b>관세</b> 영향 언제쯤?,http://news.mt.co.kr/mtview.php?no=2025042309095220553,정부는 무역 균형 추구와 비관세 장벽 해소 노력 등을 함께 담은 범정부 패키지를 제안해 90일 유예된 <b>상호관세</b>와 자동차·철강·알루미늄에 부과된 25% 품목별 관세 부담을 최소화하는 것을 목표로 삼고 있다. 이번... ,2025-04-23 10:57:00+09:00
태국 축우농가들이 <b>관세</b> 대응책으로 미국산 소고기 수입을 허용하려는...,https://www.farminsight.net/news/articleView.html?idxno=14607,물소를 포함하여 990만두의 소를 사육하는 태국에서 최근 미국의 일방적인 36% <b>상호 관세</b> 발표에 대응하는 방안으로 미국산 소고기 수입을 허용하려는 정부 방침에 강력 반대한다는 농민 단체들의 집단 행동이... ,2025-04-23 10:56:00+09:00
"IMF, ‘트럼프 <b>관세</b>’ 덮친 한국 경제 성장률 1.0%로 하향",https://vop.co.kr/A00001670023.html,"이는 트럼프 행정부의 <b>상호관세</b> 등 관세정책의 영향을 반영했기 때문이다. IMF는 미국의 관세정책이 단기적인 시점뿐 아니라 중장기적으로도, 또 모든 지역의 경제에 부정적인 영향을 미칠 것이라고 전망했다.피에르... ",2025-04-23 10:54:00+09:00
